alim_code	kcal	protein	glucid	lipid
25608	179.0	4.88	23.7	6.7
25609	130.0	4.5	8.87	8.3
25616	29.9	0.94	3.07	0.7
25629	168.0	4.06	17.4	8.3
26259	105.0	0.94	5.78	8.1
25900	55.0	3.74	6.6	1.12
25901	30.8	3.09	2.6	0.8
25903	39.4	0.76	5.05	1.56
25904	42.8	3.45	2.88	1.79
25905	34.5	0.86	4.43	1.22
25907	37.1	0.79	4.46	1.51
25908	30.8	1.3	3.86	1.0
25909	4.8	0.2	0.1	0.4
25910	40.4	1.35	4.93	1.4
25912	48.2	0.81	4.09	3.07
25913	33.2	0.61	3.89	1.41
25914	38.7	0.74	6.27	0.99
25915	62.9	3.75	5.4	2.5
25916	48.8	1.2	5.6	2.0
25917	30.4	1.2	5.2	0.35
25919	29.0	0.91	5.09	0.5
25923	29.8	0.97	5.25	0.44
25924	34.3	1.2	5.77	0.55
25925	26.1	0.63	4.84	0.41
25928	27.3	0.99	4.58	0.44
25930	9.05	0.6	1.33	0.15
25932	35.3	0.6	5.14	1.31
25933	37.7	1.1	5.87	0.8
25934	47.8	1.4	6.8	1.4
25935	36.2	0.76	5.79	0.97
25936	37.8	0.65	4.37	1.79
25942	24.0	0.58	4.37	0.4
25945	35.9	0.67	4.13	1.56
25947	5.58	0.6	0.5	0.13
25948	5.38	0.34	0.65	0.16
25949	21.6	0.63	4.21	0.18
25950	21.3	0.75	3.87	0.25
25953	31.9	2.0	4.1	0.5
25954	38.3	0.79	5.61	1.24
25955	22.3	0.7	3.4	0.5
25956	31.3	1.14	5.53	0.34
25957	25.1	0.42	3.95	0.8
25958	34.0	1.0	5.4	0.8
25962	50.2	1.34	5.09	2.51
25963	33.4	1.0	3.84	1.32
25964	34.8	0.72	5.31	1.07
25965	56.7	2.68	6.25	1.98
25967	32.8	0.65	3.38	1.62
25968	133.0	4.6	4.7	10.4
25969	37.4	1.27	4.5	1.37
25972	17.1	1.38	2.18	0.5
8601	116.0	20.4	0.3	3.68
8602	112.0	18.4	0.7	3.62
8612	94.1	15.7	0.6	3.2
25001	113.0	15.4	3.1	4.0
25033	84.6	8.93	4.17	3.3
25058	145.0	9.55	10.2	7.3
25063	108.0	14.9	0.5	5.0
25121	133.0	13.0	4.0	7.0
25125	193.0	14.5	2.6	13.8
25126	164.0	23.9	8.8	3.4
25172	104.0	11.3	3.65	4.6
25174	124.0	10.6	3.15	6.9
25175	189.0	10.6	1.2	14.7
25200	120.0	13.5	2.08	6.07
25201	180.0	9.5	4.5	13.5
25207	136.0	10.0	11.4	5.4
25211	117.0	9.0	5.5	6.5
25213	276.0	22.0	0.48	20.5
25538	271.0	15.2	0.55	23.0
25565	172.0	26.0	9.3	3.3
25585	139.0	21.9	0.33	5.2
25586	137.0	23.1	1.39	4.0
25009	138.0	5.99	9.39	8.22
25029	149.0	8.31	12.2	7.2
25043	90.7	5.9	11.5	1.9
25057	168.0	3.2	16.2	9.6
25127	132.0	7.69	14.0	4.53
25138	130.0	7.5	15.6	3.85
25152	128.0	7.59	12.5	4.73
25195	146.0	6.82	8.51	9.06
25587	168.0	7.0	10.5	10.2
25002	129.0	8.06	9.41	5.77
25003	109.0	5.06	2.8	8.06
25010	118.0	8.24	8.89	4.87
25013	77.5	10.9	3.2	2.02
25065	96.6	13.2	3.3	3.15
25071	82.1	6.0	3.7	4.3
25098	132.0	8.3	8.6	6.3
25099	161.0	10.5	10.1	7.86
25103	122.0	5.49	2.0	9.67
25106	94.9	5.3	2.0	6.6
25111	118.0	7.13	13.0	3.35
25123	147.0	5.82	5.16	10.8
25124	133.0	8.05	5.0	8.61
25159	132.0	12.8	4.5	6.83
25164	96.7	11.2	3.5	4.08
25190	107.0	9.3	2.5	6.4
25204	127.0	7.54	14.4	3.7
25205	78.2	5.0	7.8	3.0
25511	69.8	6.4	3.6	3.0
10082	92.0	10.3	7.43	2.24
10083	284.0	9.56	4.43	24.8
25037	105.0	6.13	8.39	5.1
25038	117.0	6.69	5.28	7.5
25077	133.0	8.36	7.43	7.65
25086	176.0	14.8	5.3	10.4
25128	75.2	9.31	3.1	2.3
25140	100.0	11.4	2.9	4.35
25141	80.0	11.5	2.2	2.8
25142	90.8	9.2	5.4	3.6
25143	79.9	9.16	3.0	3.25
25145	77.2	8.8	4.2	2.8
25146	114.0	11.8	3.9	5.5
25210	227.0	18.8	0.4	16.2
25539	127.0	18.0	0.86	5.71
25540	93.5	18.5	1.5	1.5
26054	132.0	13.3	3.18	7.05
26140	144.0	23.5	0.0	5.52
26249	107.0	22.0	0.0	2.18
26250	106.0	22.1	0.0	2.0
25031	148.0	7.86	17.1	4.9
25107	105.0	7.5	14.2	1.6
25154	117.0	6.39	8.57	6.15
25456	171.0	6.69	26.9	3.7
20262	81.2	2.6	12.1	1.77
25220	75.3	1.38	0.1	6.6
25571	252.0	8.25	18.7	14.4
25590	211.0	7.38	17.7	10.8
9082	188.0	5.29	29.5	4.84
9083	344.0	12.1	67.2	1.59
25019	95.3	4.22	12.5	2.83
25081	134.0	6.29	13.5	5.72
25085	116.0	5.32	13.6	4.07
25088	164.0	5.46	23.6	4.94
25110	190.0	5.5	27.8	5.5
25122	179.0	7.06	16.4	9.2
25131	103.0	2.75	11.0	4.85
25135	161.0	5.91	14.2	8.7
25139	148.0	7.28	13.0	7.1
25149	226.0	10.0	26.8	8.3
25150	108.0	4.32	16.4	2.25
25155	219.0	7.94	27.8	7.5
25157	265.0	11.4	40.3	5.79
25158	174.0	6.94	25.1	4.65
25181	268.0	11.3	37.3	7.69
25182	262.0	9.98	41.4	5.69
25183	104.0	4.88	12.6	3.4
25184	175.0	4.44	31.5	3.19
25185	167.0	4.85	28.3	3.57
25187	120.0	2.88	18.4	3.8
25188	130.0	5.75	12.5	6.07
25189	195.0	5.93	30.9	5.16
25192	91.1	2.88	13.5	2.45
25193	156.0	5.19	20.9	4.9
25198	163.0	7.17	15.9	7.4
25203	255.0	9.4	41.4	5.06
25216	199.0	7.98	25.7	6.53
25217	150.0	2.63	18.6	6.5
25218	122.0	4.38	11.8	5.9
25219	179.0	7.0	14.0	10.2
25635	133.0	6.1	11.4	6.6
4041	195.0	8.06	9.5	13.3
25020	184.0	12.9	3.8	12.6
25137	161.0	6.0	13.5	8.9
25437	399.0	16.2	22.7	26.6
25509	231.0	15.9	2.6	17.2
25546	263.0	17.4	15.3	14.6
20917	157.0	17.6	7.89	4.7
25225	284.0	13.5	22.4	14.9
25226	253.0	14.1	18.5	12.6
25227	251.0	15.5	19.7	10.9
25228	260.0	14.4	16.8	13.9
25229	245.0	16.9	18.8	10.0
25230	247.0	15.2	15.1	13.1
25231	91.7	3.13	12.5	2.7
25233	241.0	7.0	27.8	10.3
25234	211.0	5.31	28.0	7.6
25589	211.0	17.6	7.98	10.6
25591	170.0	10.6	16.7	5.6
25592	208.0	13.4	20.8	7.1
25593	215.0	17.5	8.15	11.0
25594	201.0	11.1	13.3	10.2
25595	204.0	16.8	6.08	12.0
25596	175.0	14.4	8.36	8.1
25597	180.0	15.1	7.72	9.1
30181	143.0	12.6	7.01	5.8
25404	227.0	9.09	29.6	7.64
25405	274.0	8.96	21.0	16.8
25409	136.0	5.75	18.7	4.0
25410	182.0	8.83	19.1	7.5
25411	150.0	4.83	20.7	5.02
25417	216.0	5.0	21.8	11.7
25435	218.0	10.3	28.0	6.69
25444	289.0	10.3	20.7	18.0
25454	241.0	5.5	20.0	14.3
25457	227.0	10.3	27.2	8.03
25459	170.0	8.0	14.3	8.5
25460	158.0	12.7	16.0	4.5
25462	248.0	10.4	26.5	10.7
25463	200.0	10.3	24.6	6.65
25464	231.0	10.1	26.7	8.78
25468	245.0	10.7	26.9	9.96
25472	214.0	8.48	25.7	8.0
25477	217.0	7.8	31.6	6.1
25478	267.0	13.1	28.2	10.5
25516	233.0	10.8	27.3	8.39
25528	284.0	6.4	33.8	13.1
25529	280.0	7.0	23.5	17.2
25548	205.0	9.54	25.7	6.66
25549	149.0	6.02	17.7	5.75
25550	300.0	8.81	31.8	14.8
25552	159.0	8.3	16.6	6.3
25553	243.0	5.76	21.6	14.3
25555	215.0	8.53	21.0	10.5
25560	251.0	10.2	23.7	12.6
25561	218.0	5.17	19.3	12.8
25562	209.0	12.7	15.2	9.8
25564	266.0	8.25	24.2	14.5
25568	218.0	12.3	14.1	12.2
25570	255.0	11.2	27.7	10.6
25572	168.0	7.7	15.8	8.0
25573	267.0	8.11	22.7	15.6
25581	172.0	5.5	18.5	7.7
25623	315.0	14.1	22.1	18.3
25625	206.0	8.5	14.3	12.4
26256	151.0	8.6	11.9	7.5
26267	244.0	7.08	22.2	13.6
26268	306.0	8.15	30.9	16.0
26270	220.0	10.8	23.3	8.78
26271	211.0	9.4	26.6	7.01
26272	215.0	9.95	27.5	6.68
26273	276.0	11.8	27.5	12.7
26274	240.0	12.2	25.7	9.43
7811	233.0	8.0	29.5	8.75
7812	306.0	9.53	38.8	11.8
25403	278.0	10.9	26.3	13.8
25413	246.0	13.3	28.3	8.44
25414	268.0	14.0	23.1	12.9
25415	299.0	15.5	21.5	16.7
25416	263.0	12.2	26.7	11.5
25428	233.0	15.2	17.4	10.9
25429	246.0	15.0	23.6	9.8
25431	274.0	10.3	32.0	11.3
25434	243.0	14.2	27.2	8.35
25475	222.0	10.1	30.9	5.98
25476	247.0	10.0	36.3	6.35
25485	285.0	13.3	26.9	13.1
25488	265.0	11.5	40.8	5.6
25490	198.0	8.87	25.0	6.03
25502	249.0	12.7	23.8	11.0
25513	215.0	7.95	30.3	6.48
25517	285.0	9.93	33.7	11.5
25518	339.0	11.9	34.3	16.7
25519	298.0	10.1	32.1	13.9
25520	383.0	13.7	32.0	21.6
25521	286.0	12.2	32.7	10.9
25522	243.0	14.2	27.2	8.35
25523	233.0	9.09	17.8	13.3
25530	221.0	6.54	30.0	7.9
25531	255.0	12.4	30.6	8.82
25532	247.0	8.52	30.9	9.47
25533	267.0	12.0	30.1	10.6
25535	282.0	13.1	31.0	11.4
25536	379.0	12.5	33.2	21.4
25542	264.0	13.7	16.9	15.5
25543	277.0	11.2	31.4	11.6
25544	267.0	11.7	25.1	12.4
25547	273.0	11.3	26.8	12.9
25574	243.0	10.0	23.1	11.6
25575	240.0	9.82	23.1	11.3
25576	292.0	12.9	26.1	14.6
25577	232.0	9.18	23.7	10.4
7814	321.0	11.6	25.6	18.4
25108	230.0	9.33	16.5	13.7
25151	255.0	6.55	26.5	13.0
25169	149.0	5.9	28.0	1.4
25399	321.0	6.69	23.1	22.1
25401	302.0	8.25	28.1	17.1
25402	348.0	9.59	25.9	22.6
25412	292.0	6.12	23.5	18.9
25418	243.0	7.9	19.2	14.6
25419	103.0	4.57	16.6	1.82
25420	216.0	6.48	21.1	11.2
25438	187.0	12.2	8.48	11.5
25503	206.0	6.72	13.4	13.8
25508	290.0	8.46	25.7	16.7
25551	238.0	18.7	10.0	13.5
25557	255.0	10.4	12.3	18.1
25558	342.0	10.4	33.5	17.0
25559	215.0	3.25	19.6	13.4
25578	301.0	8.39	26.1	17.8
25580	249.0	6.42	18.4	16.3
25582	197.0	8.06	20.9	8.1
25583	237.0	6.88	22.6	12.7
25584	213.0	7.44	23.7	9.2
26266	258.0	8.92	22.0	14.5
13004	205.0	1.56	0.83	20.6
20004	16.4	1.0	1.63	0.5
20009	40.2	0.63	7.59	0.5
20010	21.7	2.37	1.88	0.23
20014	30.0	1.13	4.33	0.5
20016	26.2	1.81	2.13	0.7
20019	15.6	0.64	2.54	0.11
20020	16.5	1.23	1.8	0.26
20023	17.6	0.63	2.41	0.5
20026	20.2	1.19	2.83	0.5
20028	21.8	1.0	2.63	0.5
20039	32.3	1.49	4.9	0.25
20045	14.5	0.94	1.53	0.5
20047	19.3	0.86	2.49	0.26
20055	29.3	1.38	3.98	0.5
20056	28.0	2.62	3.15	0.36
20070	34.0	1.97	4.35	0.17
20085	26.0	0.81	3.43	0.5
20087	36.6	1.06	5.98	0.5
20089	29.2	0.94	5.52	0.3
20097	63.6	1.81	12.2	0.5
20099	16.8	2.0	0.5	0.5
20101	65.1	2.26	5.71	2.65
20103	33.1	2.28	2.3	0.78
20105	24.5	3.16	0.1	0.54
20114	25.5	3.06	1.5	0.36
20116	36.5	1.38	4.63	0.6
20123	17.9	1.25	1.78	0.5
20126	105.0	6.84	15.3	0.86
20159	23.2	2.0	2.45	0.3
20160	31.6	3.13	3.03	0.43
20161	25.3	2.3	2.45	0.4
20168	30.7	0.94	4.73	0.3
20172	33.7	1.31	5.62	0.5
20181	58.3	1.54	10.1	0.4
20192	19.8	0.5	3.23	0.5
20198	35.1	2.52	5.08	0.2
20210	14.7	0.56	2.23	0.5
20228	15.9	1.8	0.83	0.25
20236	26.7	1.42	3.35	0.29
20238	36.3	1.31	5.63	0.4
20239	37.8	1.19	6.39	0.5
20263	34.1	1.44	4.69	0.44
20270	18.3	2.06	0.85	0.4
20276	20.3	0.5	3.59	0.5
20288	17.9	1.13	2.58	0.3
20295	14.3	1.13	1.03	0.5
20496	46.5	2.05	6.75	0.7
20584	20.1	0.5	3.03	0.5
20003	42.8	1.44	7.13	0.4
20005	14.7	0.7	1.23	0.5
20007	21.9	0.67	3.4	0.2
20008	18.9	0.55	2.6	0.1
20011	24.9	1.87	2.56	0.29
20017	20.9	1.6	1.6	0.46
20021	15.5	0.93	1.4	0.36
20030	29.4	2.0	3.0	0.17
20036	81.5	5.12	10.7	0.8
20048	18.3	1.07	1.89	0.28
20051	40.4	2.32	5.59	0.28
20062	23.1	1.33	2.07	0.31
20066	106.0	2.82	18.4	1.68
20068	99.2	4.4	17.1	0.53
20071	36.3	1.95	5.1	0.19
20074	47.3	2.63	3.24	0.3
20078	13.1	0.63	1.38	0.15
20079	19.4	2.23	0.7	0.37
20093	49.0	2.51	7.39	0.33
20102	28.7	2.17	3.0	0.47
20122	18.0	1.61	1.05	0.22
20125	38.4	4.44	4.53	0.6
20133	67.8	1.32	13.4	0.3
20155	26.0	1.8	2.31	0.5
20156	25.2	1.2	3.02	0.5
20169	26.1	1.2	3.63	0.5
20170	47.1	1.4	7.54	0.4
20209	32.9	0.58	4.52	0.68
20212	60.9	1.56	12.3	0.22
20216	30.5	2.25	3.39	0.3
20258	61.8	1.94	4.25	3.4
20261	31.5	0.88	5.06	0.3
20268	92.8	3.73	17.0	0.29
20271	54.5	3.48	6.8	0.28
20277	18.6	1.44	1.63	0.3
20289	31.1	0.88	4.13	0.6
20290	35.8	3.0	2.03	0.8
20291	44.8	1.31	7.05	0.5
20292	30.7	1.06	5.24	0.5
20298	44.4	1.44	4.57	1.6
20299	26.6	2.69	1.73	0.3
20300	33.8	1.31	3.83	0.3
20301	16.9	0.88	1.43	0.3
20302	23.5	2.5	1.23	0.4
20303	23.1	2.19	1.03	0.5
20304	37.6	4.13	2.53	0.7
20305	35.7	0.75	6.33	0.3
20306	31.6	0.5	5.73	0.3
20307	41.6	0.63	7.33	0.3
20308	23.5	1.0	3.23	0.3
20309	45.4	3.19	5.4	0.3
20310	34.9	1.19	5.7	0.3
20311	21.6	1.63	1.83	0.3
20312	30.1	2.56	3.41	0.3
20313	23.0	1.5	3.13	0.3
20314	16.7	0.75	2.48	0.3
20315	26.2	0.94	4.32	0.3
20316	23.5	1.13	4.38	0.3
20317	13.7	0.5	1.94	0.3
20318	34.6	2.19	4.45	0.3
20320	28.0	1.75	3.39	0.3
20321	21.1	0.75	3.23	0.3
20322	40.2	1.56	6.73	0.3
20323	27.6	1.13	3.56	0.3
20324	42.4	1.69	7.55	0.3
20325	90.8	1.94	16.6	0.5
20326	80.3	6.38	9.93	0.6
20327	27.4	2.56	2.23	0.3
20328	35.8	1.0	5.33	0.6
20329	35.7	0.94	6.53	0.3
20330	28.6	1.25	3.53	0.3
20331	38.2	1.06	6.88	0.3
20332	30.2	0.5	5.66	0.3
20333	57.9	2.63	9.29	0.3
20334	25.3	1.0	3.53	0.4
20335	66.9	2.0	12.3	0.4
20336	28.1	3.38	0.85	0.7
20499	43.5	2.11	5.81	0.3
20590	50.8	2.13	9.11	0.5
20211	316.0	9.58	63.9	0.99
20256	187.0	4.27	13.4	11.7
20296	17.7	1.69	1.7	0.3
20297	22.2	0.63	3.5	0.3
4000	354.0	0.19	87.8	0.02
4002	91.9	1.96	20.1	0.1
4003	80.5	1.8	16.7	0.34
4004	545.0	5.67	51.1	34.3
4008	80.5	2.16	16.2	0.18
4011	59.9	1.47	11.7	0.34
4013	181.0	2.76	24.9	7.22
4014	73.6	1.7	15.4	0.2
4015	137.0	2.5	17.3	5.7
4016	371.0	10.5	69.4	3.97
4017	97.9	1.92	10.2	5.18
4018	88.8	1.87	14.2	2.4
4019	67.3	2.63	12.1	0.53
4020	285.0	4.62	25.6	17.7
4021	302.0	4.5	30.2	17.7
4022	361.0	8.04	76.1	0.46
4023	76.4	1.88	15.9	0.3
4025	174.0	3.25	25.3	5.8
4026	89.4	2.5	18.5	0.13
4027	156.0	2.81	23.0	4.8
4028	76.1	1.81	15.7	0.5
4029	71.6	1.84	14.9	0.1
4030	213.0	3.75	32.6	6.6
4032	285.0	3.28	39.4	11.9
4034	218.0	3.44	29.5	8.5
4035	191.0	2.81	28.5	6.6
4036	213.0	2.54	21.9	12.1
4037	570.0	5.62	49.8	37.6
4038	463.0	6.58	62.1	19.8
4039	182.0	2.38	22.5	8.3
4042	178.0	2.8	23.2	7.72
4043	135.0	2.32	20.9	4.2
4044	154.0	2.41	23.4	5.09
4045	254.0	3.5	34.0	10.8
4046	244.0	3.12	29.1	12.1
4047	91.8	2.11	12.7	3.25
4048	93.2	2.01	17.2	1.37
4101	86.3	1.51	18.3	0.15
4102	62.8	1.69	12.2	0.15
4103	79.8	1.1	12.1	2.0
20050	81.9	1.8	16.0	0.7
20196	60.7	1.94	11.5	0.31
53101	125.0	0.79	28.9	0.18
53200	107.0	1.5	22.8	0.2
53201	131.0	0.52	29.5	0.11
53502	111.0	1.53	23.8	0.17
53503	109.0	1.49	23.6	0.14
54031	157.0	1.31	36.3	0.29
54034	132.0	0.69	32.0	0.043
54500	105.0	1.07	22.2	0.23
20293	131.0	9.63	13.7	0.5
20500	82.9	8.06	9.35	0.8
20502	112.0	6.75	12.0	1.1
20503	116.0	9.63	12.3	0.6
20507	147.0	8.31	17.7	3.0
20513	112.0	6.75	12.0	1.1
20587	127.0	10.1	16.2	0.58
13000	45.9	0.81	9.01	0.5
13002	54.4	0.5	11.7	0.5
13005	90.5	1.06	19.7	0.5
13008	55.7	0.81	13.0	0.3
13009	27.6	0.5	1.56	0.5
13012	69.4	1.19	13.5	0.5
13014	38.6	0.63	6.03	0.5
13015	49.2	1.19	5.83	0.8
13016	101.0	2.13	10.9	3.0
13018	80.6	1.44	14.3	1.2
13019	68.5	1.56	7.06	0.7
13021	60.5	0.88	11.0	0.6
13023	81.0	1.13	16.1	0.5
13024	47.3	0.81	9.17	0.5
13025	73.9	0.63	14.3	0.5
13026	62.7	1.13	14.8	0.5
13027	76.9	0.63	18.0	0.5
13028	57.7	0.87	10.6	0.33
13029	47.3	1.13	6.53	0.7
13034	45.5	0.75	8.03	0.5
13035	42.2	0.75	8.53	0.3
13036	38.9	0.69	8.33	0.5
13040	39.8	0.5	8.02	0.5
13041	71.3	0.94	16.4	0.5
13044	73.4	0.75	16.6	0.5
13066	68.6	0.88	14.3	0.3
13067	40.2	1.13	3.14	0.3
13086	54.9	0.5	11.7	0.5
13101	79.1	0.75	16.9	0.5
13121	53.9	0.5	11.4	0.5
13122	51.5	0.5	10.7	0.5
13148	51.3	0.69	11.3	0.5
13149	51.8	0.81	11.4	0.5
13188	53.1	0.5	11.4	0.5
13189	54.1	0.5	11.5	0.5
13190	51.8	0.5	11.2	0.5
13191	54.5	0.5	11.9	0.5
13192	60.1	0.5	12.8	0.5
13193	47.2	0.69	9.48	0.5
13194	46.1	0.63	9.63	0.5
13195	46.3	0.69	9.8	0.5
13620	57.1	0.5	12.8	0.5
13621	90.1	0.69	20.0	0.5
13999	59.5	0.7	11.6	0.26
13038	102.0	0.23	24.4	0.21
13108	102.0	0.5	23.9	0.092
13109	66.0	0.5	15.3	0.08
13151	65.1	0.5	15.1	0.08
13153	58.9	0.5	13.4	0.3
13185	80.1	0.25	18.6	0.15
13187	56.4	1.13	11.7	0.3
13734	64.9	0.5	13.9	0.4
13001	239.0	2.88	59.1	0.5
13042	229.0	1.63	55.4	0.4
13046	321.0	3.0	73.2	0.9
13051	389.0	2.19	69.5	10.5
13178	333.0	0.5	76.4	1.0
13623	200.0	2.31	51.1	0.4
13200	88.8	0.75	19.3	0.5
13201	71.8	0.94	15.1	0.3
13202	40.0	0.56	7.88	0.3
15018	560.0	19.6	27.1	39.6
15049	541.0	14.8	31.8	37.2
15054	618.0	20.5	21.3	48.1
15055	630.0	20.5	23.5	49.0
15201	432.0	7.0	70.3	13.5
20901	432.0	37.8	20.8	19.2
9081	149.0	5.94	27.4	0.9
9085	147.0	5.12	18.8	4.3
9086	165.0	3.75	21.4	6.9
9103	158.0	3.38	32.6	1.0
9104	145.0	3.06	31.8	0.41
9105	146.0	3.1	31.7	0.56
9110	141.0	3.63	28.2	0.69
9111	102.0	3.99	19.7	0.34
9124	143.0	3.06	30.5	0.7
9125	117.0	2.88	24.4	0.6
9313	75.5	2.72	11.9	1.52
9322	119.0	2.42	24.4	0.44
9331	116.0	3.76	22.4	1.0
9341	149.0	5.0	27.9	1.1
9615	77.5	1.38	16.9	0.3
9683	157.0	5.0	31.0	1.0
9691	111.0	4.0	21.7	0.5
9811	126.0	4.38	25.0	0.55
9816	168.0	6.31	32.0	1.3
9822	134.0	4.94	23.0	2.0
9824	163.0	3.25	34.4	1.1
9871	128.0	4.88	23.4	0.9
9875	170.0	3.38	36.6	0.8
9876	168.0	12.6	25.1	0.8
9901	89.3	1.5	20.1	0.5
9903	61.2	0.63	14.4	0.1
25479	185.0	5.6	34.4	2.4
25510	177.0	5.01	33.6	2.05
25579	181.0	6.34	34.0	7.88
51511	76.0	2.19	14.0	0.48
9001	344.0	15.6	59.5	2.43
9003	342.0	15.6	59.5	2.13
9011	211.0	8.03	41.4	1.27
9060	343.0	13.0	62.4	2.24
9080	359.0	14.7	67.7	1.83
9100	352.0	7.4	78.0	0.91
9101	356.0	7.47	78.6	0.98
9102	350.0	7.38	71.4	2.8
9108	344.0	11.7	69.2	0.94
9109	352.0	8.38	70.6	3.0
9119	353.0	8.06	77.8	0.84
9121	355.0	7.5	78.1	1.0
9200	346.0	8.1	67.2	3.7
9310	378.0	18.1	55.7	6.9
9320	334.0	13.4	56.2	2.3
9321	346.0	10.6	68.6	1.16
9330	359.0	11.8	64.3	4.21
9340	358.0	14.1	58.1	6.07
9345	369.0	14.5	58.6	7.02
9360	349.0	10.6	65.4	3.46
9380	356.0	12.9	64.6	3.55
9390	334.0	10.5	61.0	1.97
9610	352.0	12.0	71.6	1.25
9611	122.0	3.75	24.0	0.8
9612	354.0	15.0	59.0	4.0
9614	350.0	7.88	74.0	1.8
9681	365.0	13.2	72.7	1.45
9690	351.0	12.4	66.8	1.71
9810	336.0	12.6	65.8	1.79
9815	283.0	11.1	53.8	1.87
9821	381.0	15.2	68.0	4.72
9863	371.0	13.0	71.0	3.0
9870	353.0	12.6	67.6	2.2
9874	356.0	6.61	79.0	1.24
9900	365.0	7.81	80.5	1.0
9902	344.0	0.63	84.7	0.14
26264	176.0	4.66	35.0	1.42
26265	200.0	6.2	37.0	2.6
51510	323.0	10.3	55.8	2.25
7000	276.0	9.01	54.4	1.61
7001	287.0	9.06	58.3	1.4
7002	261.0	8.13	53.1	1.3
7007	279.0	8.94	56.6	1.0
7010	265.0	9.43	54.0	0.33
7012	266.0	8.67	52.0	2.0
7025	257.0	9.52	49.9	1.19
7100	253.0	8.25	50.0	1.3
7110	244.0	9.19	44.3	1.8
7111	262.0	9.33	43.7	4.06
7112	278.0	7.5	46.0	5.5
7113	274.0	9.66	43.6	5.41
7115	249.0	8.8	44.4	2.6
7125	260.0	9.06	51.5	1.0
7130	261.0	2.75	51.8	3.3
7160	279.0	9.1	56.5	1.3
7170	272.0	8.4	55.9	1.1
7180	259.0	8.26	53.0	0.92
7200	278.0	7.81	52.3	3.6
7201	271.0	8.25	49.5	3.8
7210	309.0	8.63	52.4	6.5
7255	269.0	10.5	46.9	3.2
7256	217.0	13.7	32.9	1.87
7257	228.0	11.6	39.6	1.88
7258	272.0	10.2	47.3	3.98
7259	293.0	9.95	49.7	5.35
7260	256.0	8.56	52.1	0.9
7261	240.0	8.75	46.7	0.9
7262	285.0	9.75	46.3	5.75
7263	330.0	10.1	54.6	7.1
7813	313.0	9.06	54.7	5.8
7815	327.0	9.15	52.1	8.2
7004	317.0	10.4	64.0	1.3
7300	409.0	10.8	76.6	5.9
7301	417.0	11.9	69.0	9.28
7310	405.0	11.4	74.0	5.88
7330	398.0	12.9	66.7	7.22
7340	393.0	12.8	67.0	6.17
7351	450.0	8.5	75.0	12.0
7352	385.0	7.69	80.5	3.0
7353	394.0	8.86	82.4	2.5
7400	404.0	10.7	74.4	6.16
7403	419.0	11.6	70.8	9.19
7407	402.0	9.75	68.5	8.25
7409	396.0	11.3	63.0	9.0
7410	379.0	10.9	73.7	3.57
7420	398.0	11.5	66.4	8.0
7421	401.0	8.75	70.8	8.0
7425	419.0	12.1	68.8	9.3
7431	374.0	13.5	70.0	2.85
7432	495.0	9.19	59.1	24.1
7500	374.0	12.7	70.0	3.77
7525	433.0	13.9	65.3	11.8
38500	492.0	8.81	58.9	24.1
9230	485.0	11.0	52.6	23.8
9231	417.0	10.2	60.0	12.3
9232	418.0	3.0	85.4	6.5
38104	508.0	3.1	63.7	26.6
38105	495.0	6.56	59.5	24.7
38106	484.0	4.25	60.5	24.1
38107	379.0	11.2	74.4	3.13
38108	409.0	19.0	58.3	9.33
38399	486.0	9.2	60.3	22.3
38400	489.0	6.96	62.1	23.0
38401	537.0	13.8	46.3	32.2
38402	499.0	10.5	59.0	23.9
38403	410.0	6.53	73.1	9.33
38404	487.0	13.3	54.8	22.9
38405	521.0	4.63	59.1	28.8
38406	518.0	15.8	45.4	29.7
38407	509.0	12.3	53.7	26.5
38408	555.0	9.3	48.8	35.6
4090	348.0	0.0	86.3	0.2
9311	367.0	14.2	57.9	6.51
9410	343.0	10.3	68.6	1.5
9415	342.0	12.2	64.9	1.52
9435	346.0	14.9	67.6	1.0
9436	350.0	9.9	73.7	1.0
9437	350.0	10.0	74.0	1.0
9440	356.0	9.94	75.9	0.82
9445	355.0	10.9	73.2	1.18
9480	352.0	12.5	64.0	3.0
9510	362.0	0.43	89.2	0.25
9520	357.0	8.0	73.9	2.5
9530	315.0	17.1	44.8	2.22
9532	344.0	8.7	70.7	1.37
9533	344.0	7.76	70.9	1.12
9540	348.0	11.5	68.4	2.19
9545	361.0	6.23	78.1	2.1
9550	339.0	10.6	64.5	2.3
9555	350.0	10.2	63.2	4.1
9580	359.0	22.4	47.0	6.69
20900	460.0	39.2	22.9	21.4
96781	343.0	0.63	85.0	0.0
23402	279.0	8.45	44.6	7.01
23410	377.0	5.87	43.6	19.5
23412	505.0	8.19	58.3	26.4
23414	384.0	6.33	44.9	19.5
23415	387.0	6.2	43.3	20.7
23416	497.0	8.31	61.1	23.9
23420	377.0	5.93	41.4	20.4
23421	400.0	3.6	33.3	27.4
23422	531.0	7.88	54.1	31.0
23424	368.0	6.14	39.7	20.1
23425	398.0	5.47	35.3	25.8
23426	509.0	5.05	57.0	28.7
23430	378.0	6.75	82.4	1.76
23440	404.0	5.3	51.0	19.6
23442	505.0	5.7	64.4	24.6
23444	383.0	5.95	53.6	15.8
23445	289.0	7.1	50.8	6.0
23446	423.0	4.9	60.9	17.5
23448	469.0	6.2	63.0	20.9
37001	240.0	7.05	44.2	3.45
51550	283.0	7.0	59.0	1.5
96778	324.0	8.5	55.3	7.1
6584	173.0	28.1	0.26	6.55
6585	195.0	26.0	0.027	10.1
6999	182.0	27.2	0.24	8.04
36900	166.0	27.6	0.28	5.96
6100	198.0	25.5	0.1	10.7
6101	240.0	32.1	0.0	12.4
6104	102.0	21.0	0.2	1.9
6110	182.0	27.1	0.0	8.17
6123	269.0	37.3	0.0	13.3
6210	117.0	21.9	0.3	3.16
6251	155.0	25.5	0.0	5.85
6253	210.0	26.1	0.0	11.8
6255	239.0	23.6	0.0	16.1
6257	265.0	23.0	0.14	19.2
6259	231.0	23.8	0.0018	15.1
6271	251.0	36.8	0.2	11.4
6511	156.0	25.1	0.0	6.24
6531	201.0	23.4	0.5	11.7
6551	143.0	28.1	0.0	3.39
6564	169.0	29.0	0.74	5.55
28007	240.0	27.1	0.0	14.7
28010	253.0	30.0	0.0	14.8
28101	211.0	29.6	0.0	10.3
28105	206.0	34.1	0.6	7.45
28202	198.0	28.3	0.0	9.39
28205	205.0	29.1	0.24	9.78
28301	163.0	30.5	0.65	4.31
28401	333.0	23.1	0.13	26.6
28451	295.0	26.2	0.1	21.2
36004	213.0	25.9	2.0	11.3
36005	213.0	28.9	2.1	9.88
36006	171.0	24.8	0.0	8.03
36018	141.0	30.1	0.0	2.0
36030	188.0	24.8	0.7	9.52
36031	188.0	26.1	0.55	9.1
36032	189.0	29.8	0.0	7.78
36033	247.0	23.8	0.0	16.9
36041	144.0	31.1	0.0	1.8
36302	151.0	29.1	0.0	3.84
36306	124.0	28.5	0.0	1.09
36308	128.0	24.6	0.5	3.04
21503	169.0	26.8	0.0	6.85
21506	252.0	30.5	0.1	14.5
21507	197.0	24.9	0.0	10.8
21512	185.0	26.1	0.0	9.01
21513	153.0	26.1	0.0	5.45
21522	157.0	26.3	0.0	5.78
21523	208.0	28.1	0.011	10.6
21524	157.0	26.3	0.0	5.78
14000	150.0	30.2	0.0	3.19
14003	153.0	28.3	0.0	4.38
14007	150.0	30.2	0.0	3.19
14008	152.0	29.6	0.0	3.74
36402	239.0	32.4	0.0	12.1
36603	217.0	25.1	0.0	13.0
6902	138.0	28.0	0.0	2.85
21801	136.0	27.1	0.0	3.03
34000	197.0	30.4	0.0	8.41
34002	167.0	20.5	0.5	9.2
34004	164.0	33.0	0.0	3.51
36051	221.0	29.0	0.0	11.7
36102	206.0	26.8	0.0	10.9
36200	331.0	19.0	0.0	28.4
36202	194.0	23.3	0.0	11.2
36502	230.0	29.0	0.0	12.7
36503	298.0	25.2	0.0	21.9
36602	213.0	23.9	0.0	13.0
36801	168.0	26.2	0.0	7.07
40003	145.0	12.6	0.8	10.2
40004	174.0	12.4	0.05	13.8
40007	133.0	11.5	0.0	9.63
40053	133.0	23.0	0.15	4.5
40056	177.0	26.4	0.1	7.92
40057	167.0	24.9	0.0	7.52
40059	179.0	25.0	1.93	7.91
40103	157.0	23.0	3.16	5.8
40105	165.0	26.3	2.2	5.71
40107	121.0	19.0	4.47	3.02
40109	164.0	25.8	0.0	6.4
40113	159.0	26.0	3.76	4.4
40116	160.0	24.5	0.8	6.51
40118	182.0	27.0	0.0	8.18
40201	237.0	21.0	0.0	17.0
40203	235.0	23.7	0.0	15.6
40303	227.0	22.8	0.0	15.1
40305	136.0	21.0	0.0	5.8
40401	161.0	26.1	0.0	6.31
40403	171.0	27.0	0.0	7.0
40405	144.0	25.4	0.0	4.7
40406	127.0	23.7	0.0	3.62
40408	167.0	26.0	0.0	7.0
40601	162.0	25.1	1.36	6.24
40701	149.0	32.4	0.0	2.1
6002	168.0	20.4	0.0	9.64
6003	201.0	19.0	1.45	13.2
6102	148.0	21.3	0.0	7.05
6103	231.0	19.4	0.0	17.1
6106	111.0	22.9	0.38	2.02
6111	152.0	22.3	0.6	6.74
6116	132.0	21.6	0.22	4.95
6122	287.0	18.4	0.0	23.7
6130	154.0	19.0	0.0	8.63
6140	136.0	22.3	0.4	5.02
6150	122.0	20.9	0.0	4.25
6160	116.0	23.1	0.57	2.34
6201	223.0	19.2	0.0	16.2
6202	118.0	21.8	0.0	3.36
6204	138.0	19.9	0.62	6.18
6206	114.0	22.5	0.4	2.5
6212	133.0	20.4	0.0	5.67
6231	164.0	24.0	0.0	7.5
6240	198.0	20.1	0.78	12.7
6250	130.0	21.9	0.3	4.59
6252	171.0	20.0	0.05	10.1
6254	209.0	20.2	0.47	14.1
6256	249.0	17.3	0.0	20.0
6270	144.0	21.2	0.0	6.54
6311	203.0	21.5	0.23	12.9
6510	189.0	18.3	0.0	12.9
6513	145.0	19.5	0.4	7.25
6521	108.0	20.7	0.58	2.6
6522	111.0	21.8	0.0	2.58
6530	95.0	20.6	0.0	1.4
6535	243.0	16.7	0.4	19.5
6540	176.0	18.7	0.0	11.2
6550	145.0	27.3	0.0	3.96
6560	124.0	20.7	0.0	4.63
6583	118.0	21.3	0.0	3.66
28001	178.0	18.9	0.38	11.2
28002	253.0	17.0	0.0	20.5
28003	175.0	20.8	0.75	9.89
28004	187.0	19.9	0.0	12.0
28100	164.0	19.8	0.38	9.3
28102	149.0	20.2	0.0	7.56
28104	146.0	22.7	0.4	5.94
28201	117.0	21.2	0.0	3.6
28204	123.0	21.2	0.4	4.09
28300	153.0	22.3	0.5	6.86
28302	198.0	18.0	0.1	14.0
28400	237.0	18.0	0.6	18.0
28460	129.0	21.5	0.0	4.76
28470	744.0	4.51	0.1	80.6
28471	475.0	11.6	0.14	47.5
28472	187.0	18.9	0.23	12.3
28473	141.0	20.9	0.28	6.3
28474	148.0	20.2	0.28	7.31
28475	212.0	18.8	0.24	15.1
28476	293.0	17.3	0.26	24.7
28477	174.0	19.9	0.25	10.4
28479	323.0	15.9	0.22	28.7
28480	146.0	22.3	0.37	6.2
36002	192.0	17.3	0.0	13.5
36003	113.0	20.0	0.0	3.73
36007	123.0	21.2	0.0	4.3
36008	135.0	21.5	0.2	5.4
36016	173.0	20.2	0.3	10.1
36017	110.0	23.4	0.0	1.5
36019	116.0	19.7	0.0	4.12
36022	155.0	18.4	0.0	9.05
36023	181.0	20.4	0.0	11.0
36024	114.0	19.3	0.0	4.05
36029	157.0	21.1	0.0	8.08
36037	193.0	18.1	0.0	13.3
36038	173.0	19.1	0.0	10.6
36039	118.0	24.6	0.0	1.8
36040	113.0	25.2	0.0	1.0
36300	132.0	23.4	0.0	4.31
36301	110.0	22.4	0.8	1.88
36304	109.0	24.1	0.51	1.22
36305	150.0	19.8	0.0	7.85
36307	109.0	21.3	0.4	2.5
36310	192.0	20.2	0.0	12.3
21003	204.0	18.3	0.1	14.5
21500	368.0	14.4	0.0	34.5
21502	128.0	20.0	0.48	5.13
21504	170.0	18.3	0.45	10.6
21505	139.0	19.6	0.0	6.76
21515	236.0	17.5	0.0	18.4
21516	242.0	17.6	2.3	18.0
21517	276.0	16.9	0.0	23.1
21521	273.0	16.3	0.92	22.6
21525	205.0	16.3	1.38	15.0
14002	147.0	20.7	0.0	7.13
14004	111.0	21.6	0.0	2.67
14005	110.0	23.0	0.0	2.0
14006	113.0	23.7	0.0	2.04
36401	127.0	23.3	0.0	3.78
36403	164.0	23.2	0.0	7.95
6900	167.0	18.8	0.6	10.0
6901	129.0	21.4	0.4	4.6
21800	103.0	20.6	0.0	2.31
34001	189.0	20.4	0.66	11.6
34003	108.0	21.8	0.0	2.32
36000	215.0	17.8	0.4	15.8
36001	124.0	20.9	0.0	4.51
36014	131.0	19.6	0.0	5.92
36050	183.0	21.8	0.0	10.6
36100	136.0	21.5	0.0	5.55
36101	126.0	22.5	0.5	3.81
36201	126.0	19.4	0.0	5.33
36204	284.0	17.4	2.75	22.6
36206	340.0	17.9	0.85	29.4
36500	155.0	22.6	0.0	7.12
36501	365.0	15.7	0.0	33.6
36600	222.0	18.9	0.7	16.0
36700	143.0	22.8	0.0	5.75
36702	107.0	25.1	0.0	0.7
36703	121.0	21.3	0.0	4.0
36800	159.0	20.2	0.0	8.7
40002	122.0	10.4	0.8	8.58
40005	124.0	10.3	0.0	9.21
40006	117.0	10.3	0.5	8.21
40052	103.0	18.5	0.7	2.95
40054	149.0	15.6	0.7	9.32
40055	135.0	16.7	0.4	7.44
40058	119.0	16.5	0.4	5.68
40060	109.0	17.1	0.4	4.33
40062	106.0	16.1	1.8	3.84
40102	148.0	21.8	2.92	5.45
40104	138.0	21.0	3.67	4.3
40106	120.0	15.5	5.64	3.4
40108	133.0	21.3	1.13	4.88
40110	132.0	19.0	5.0	4.0
40111	121.0	18.8	1.1	4.62
40115	123.0	18.3	0.0	5.5
40119	127.0	20.6	1.85	4.2
40120	129.0	16.3	6.3	4.29
40121	131.0	18.7	3.5	4.62
40202	193.0	16.8	0.4	13.8
40204	151.0	17.0	0.9	8.84
40205	191.0	16.6	0.5	13.6
40207	167.0	15.4	1.75	10.9
40302	122.0	14.6	0.0	7.04
40304	96.6	17.4	0.0	3.02
40402	95.9	17.1	0.9	2.65
40404	97.9	16.4	1.1	3.13
40407	94.1	14.7	1.13	3.43
40409	86.1	16.0	0.2	2.36
40502	81.5	12.1	0.0	3.69
40600	82.1	19.5	0.8	0.12
40700	105.0	17.3	0.6	3.75
30900	238.0	19.7	1.47	17.1
8429	152.0	19.0	0.48	7.9
28700	161.0	19.9	0.0	9.08
28727	118.0	23.1	0.7	2.6
28803	135.0	20.0	0.79	5.8
28900	125.0	20.8	0.81	4.28
28901	137.0	20.2	0.91	5.82
28902	117.0	20.5	0.77	3.52
28905	238.0	21.6	0.3	16.8
28906	119.0	20.3	1.03	3.66
28907	121.0	20.8	0.74	3.83
28910	125.0	19.5	1.7	4.5
28911	121.0	18.0	1.93	4.5
28912	137.0	19.4	0.55	6.3
28913	114.0	19.6	1.61	3.24
28917	182.0	20.3	1.4	10.6
28922	121.0	17.9	2.08	4.46
28924	123.0	13.7	3.58	5.98
28925	115.0	20.0	1.08	3.42
28929	132.0	18.0	1.58	5.88
28960	162.0	23.2	0.4	7.52
28963	106.0	20.7	1.39	1.79
28964	104.0	20.9	1.29	1.67
28800	225.0	25.9	0.76	13.2
28801	246.0	24.2	0.98	16.1
28802	192.0	26.3	0.3	9.5
28804	142.0	27.7	0.1	3.4
28811	228.0	28.0	0.63	12.6
28812	230.0	28.7	0.48	12.6
28844	248.0	27.2	0.3	15.4
28845	235.0	30.4	0.76	12.3
28850	284.0	25.0	1.0	20.0
28858	342.0	20.2	0.75	28.8
30300	418.0	24.2	2.41	34.5
30301	417.0	28.7	1.79	32.3
30302	366.0	27.7	1.65	27.6
30304	380.0	24.2	1.79	30.7
30309	451.0	27.3	1.7	37.1
30311	477.0	27.7	1.78	39.7
30005	282.0	18.8	0.8	22.4
30011	274.0	18.8	0.0	22.1
30050	323.0	14.7	0.6	29.1
30051	273.0	15.4	5.25	21.2
30052	309.0	11.8	4.4	26.5
30104	397.0	16.0	1.0	36.6
30105	319.0	17.3	1.0	27.3
30108	323.0	15.2	0.0	29.1
30110	327.0	13.2	1.0	30.0
30115	253.0	15.8	1.0	20.6
30130	231.0	16.8	1.19	17.7
30131	236.0	14.0	1.82	18.9
30134	271.0	13.7	1.24	23.4
30150	316.0	13.5	2.5	28.0
30155	283.0	19.8	1.8	21.8
30156	315.0	14.0	2.8	27.6
30176	374.0	11.7	0.9	35.9
30742	291.0	12.4	1.39	25.9
30746	290.0	12.7	1.46	25.9
30764	224.0	15.7	1.0	17.5
30780	281.0	17.3	0.88	23.0
8120	346.0	16.0	14.1	25.0
8125	356.0	14.0	7.42	30.0
8201	358.0	10.1	1.45	34.6
8211	323.0	15.5	1.5	28.2
8214	363.0	11.0	2.88	34.0
8232	320.0	13.2	4.44	27.1
8240	247.0	16.3	0.00027	20.2
8242	281.0	16.5	5.67	21.2
8245	284.0	15.0	4.0	23.0
8250	329.0	12.6	5.93	28.1
8300	341.0	13.0	2.4	31.0
8305	355.0	10.8	2.91	33.3
8312	322.0	11.1	10.3	26.1
8313	287.0	12.0	3.39	24.9
8315	395.0	10.1	7.07	36.1
8316	269.0	13.8	1.96	22.9
8326	459.0	11.4	4.67	43.8
8332	325.0	13.6	4.61	27.9
8391	292.0	11.0	22.9	17.1
8000	390.0	14.3	0.2	36.9
8001	414.0	16.7	0.13	38.3
8015	420.0	15.6	4.7	37.6
8026	377.0	15.3	1.03	34.6
8030	364.0	14.9	0.99	33.4
8040	340.0	16.4	0.49	30.3
8903	165.0	3.52	15.6	9.5
8910	187.0	9.3	14.1	10.1
8912	138.0	3.55	10.3	8.92
8932	135.0	3.79	10.5	8.51
8933	245.0	8.1	23.6	12.7
8937	217.0	7.68	14.8	13.7
8110	273.0	25.7	0.15	18.8
8111	364.0	21.9	0.55	30.5
8321	535.0	8.41	2.32	54.6
8323	482.0	5.75	2.1	50.0
8324	489.0	6.88	2.43	50.1
8325	479.0	6.39	2.0	49.5
8328	600.0	5.94	1.41	63.4
8331	489.0	6.88	2.43	50.1
8350	279.0	15.2	1.57	23.4
8373	258.0	17.7	0.7	20.2
8395	193.0	14.1	17.8	7.0
8400	173.0	14.1	0.2	12.9
8406	185.0	8.22	1.02	16.3
8450	151.0	26.2	0.0	5.17
8500	211.0	18.4	0.3	15.1
8504	271.0	22.5	0.0	20.0
8550	227.0	18.8	1.0	16.3
8551	303.0	24.5	1.0	22.3
8552	254.0	19.7	0.5	19.0
8703	313.0	12.2	4.5	27.1
8704	246.0	11.9	3.78	20.3
8705	246.0	11.3	4.02	19.4
8803	227.0	11.3	4.8	17.8
25610	167.0	11.3	1.0	13.1
28501	270.0	16.6	1.01	22.1
28502	303.0	15.6	0.79	26.1
28503	165.0	31.6	0.0	4.3
28504	324.0	23.8	2.0	24.5
28505	188.0	23.1	0.1	10.5
28530	228.0	22.5	0.6	15.1
28540	137.0	11.6	0.01	10.0
28550	268.0	16.8	0.75	22.0
28720	275.0	16.7	0.96	22.6
28725	261.0	14.7	0.8	22.1
28860	209.0	38.9	1.0	5.47
28927	137.0	17.7	3.5	5.68
28976	110.0	22.0	1.28	1.73
30315	433.0	23.5	3.05	36.1
30316	476.0	20.9	2.6	41.9
30317	322.0	22.6	2.1	23.9
30350	451.0	17.7	1.05	41.8
30351	400.0	22.6	1.6	33.7
30352	351.0	21.5	1.56	28.8
30366	459.0	17.0	1.35	42.9
30700	280.0	15.0	1.63	23.6
30701	322.0	13.8	1.3	29.0
30705	346.0	12.5	0.6	32.7
30706	288.0	13.7	0.6	25.6
30707	309.0	14.7	22.6	17.4
30730	278.0	11.9	1.56	24.8
30731	305.0	13.0	1.0	27.5
30732	297.0	12.5	0.2	27.4
30789	305.0	15.0	1.4	26.7
30790	298.0	14.8	1.55	25.8
30791	297.0	16.4	0.7	25.4
30797	320.0	14.4	1.16	28.2
1030	242.0	29.7	4.13	11.1
1031	197.0	3.56	9.45	15.4
20337	231.0	14.6	5.69	16.3
20338	136.0	12.1	4.97	7.2
25232	250.0	29.1	7.53	10.5
25089	226.0	14.0	14.6	12.2
25163	217.0	18.5	5.65	13.3
25173	271.0	22.9	12.6	14.1
25186	260.0	14.4	7.78	18.6
25194	247.0	15.7	9.46	15.7
25504	195.0	18.6	0.8	13.0
25505	191.0	17.1	1.02	12.9
25506	208.0	19.7	1.02	13.8
25512	239.0	13.1	16.2	13.2
25541	112.0	12.6	2.54	5.1
25566	131.0	15.6	2.1	6.5
36027	250.0	15.6	19.4	11.6
36035	213.0	22.4	2.1	12.6
36036	339.0	7.25	21.7	24.0
36318	211.0	14.1	13.5	10.9
25996	205.0	23.0	0.0	12.5
25997	98.9	23.1	0.0	0.73
25998	162.0	18.1	0.0	9.9
26013	173.0	16.5	0.5	11.7
26037	178.0	22.0	0.91	9.49
26087	294.0	18.8	0.0	24.3
26090	97.0	22.6	0.0	0.73
26152	81.3	18.3	0.0	0.9
26232	168.0	15.1	2.0	11.0
26999	213.0	22.1	0.0	13.8
27029	180.0	23.4	0.69	9.27
10004	110.0	20.2	3.22	1.77
10006	89.9	18.3	1.47	1.2
10007	93.8	19.0	1.87	1.16
10009	90.9	19.6	0.11	1.32
10013	108.0	17.2	5.12	2.09
10020	97.7	20.7	2.69	0.47
10022	106.0	21.8	1.3	1.52
10025	124.0	19.5	1.79	4.29
10027	99.2	16.2	5.33	1.48
10031	73.5	16.3	0.56	0.7
10037	149.0	32.5	1.64	1.4
10043	104.0	18.9	3.06	1.76
10079	156.0	29.8	4.4	2.08
10080	79.5	13.5	2.83	1.57
10084	173.0	17.9	8.45	7.48
10099	80.0	16.6	0.23	1.4
10001	77.0	14.4	2.17	1.19
10003	83.0	17.0	0.78	1.31
10008	77.9	16.1	1.29	0.92
10010	85.5	17.9	0.94	1.15
10011	67.2	8.64	3.86	1.91
10014	71.8	11.2	2.69	1.82
10015	86.9	17.7	1.07	1.34
10016	76.3	16.2	0.51	1.05
10017	80.5	11.5	2.66	2.65
10018	60.1	12.9	0.97	0.5
10019	131.0	23.8	7.61	0.57
10021	99.0	19.7	3.21	0.84
10024	89.8	19.1	1.53	0.79
10026	68.7	10.7	2.77	1.67
10030	68.3	14.8	0.81	0.64
10035	67.2	8.64	3.86	1.91
10036	53.5	10.2	1.16	0.9
10038	105.0	23.4	0.74	0.9
10039	104.0	19.5	0.027	2.86
10041	99.6	14.4	8.69	0.83
10045	83.6	17.9	1.15	0.84
10048	81.3	17.3	1.78	0.54
10049	88.7	17.5	3.1	0.7
10059	92.3	21.9	0.0	0.53
34500	70.0	16.2	0.66	0.28
8059	192.0	12.2	3.5	13.6
8080	243.0	13.9	0.3	20.7
8081	237.0	15.1	2.0	18.4
8082	199.0	16.4	1.65	13.8
8083	246.0	11.0	1.0	22.0
8291	171.0	11.0	5.5	11.4
8292	188.0	8.4	6.5	14.0
8293	534.0	6.75	3.19	54.8
10002	252.0	8.69	21.2	14.4
10005	111.0	14.8	8.72	1.8
10012	282.0	10.9	29.0	13.6
10023	222.0	6.5	26.0	10.0
10028	102.0	14.6	5.93	2.2
10042	277.0	12.9	2.26	23.7
10081	145.0	12.5	5.0	7.9
25433	275.0	12.4	15.1	17.6
25537	194.0	19.8	0.22	12.7
25995	246.0	19.7	0.55	18.3
25999	198.0	24.8	1.48	10.3
26000	182.0	26.4	0.2	8.45
26002	242.0	13.4	8.86	16.8
26004	111.0	10.4	1.0	7.27
26010	211.0	13.7	8.0	13.8
26016	206.0	16.7	11.9	10.2
26027	167.0	13.0	3.99	11.0
26028	255.0	13.2	18.4	13.7
26029	162.0	11.0	16.1	5.73
26030	193.0	11.9	13.4	10.0
26034	207.0	24.4	0.49	12.0
26035	193.0	20.2	1.38	11.6
26039	111.0	26.8	0.0	0.4
26040	202.0	24.3	1.06	11.2
26046	125.0	8.31	11.8	4.92
26056	146.0	26.9	0.1	4.2
26077	165.0	30.0	0.0	5.06
26086	227.0	17.7	1.94	16.3
26096	217.0	20.8	1.09	14.2
26097	207.0	17.8	2.25	14.1
26119	180.0	20.5	1.5	10.2
26123	189.0	21.6	0.0	11.4
26124	190.0	12.6	13.0	9.57
26142	433.0	7.25	1.1	44.4
26177	128.0	25.0	0.0	3.1
26179	192.0	31.3	1.01	6.95
26180	206.0	23.3	0.76	12.2
26181	128.0	26.6	0.58	1.98
26187	136.0	23.9	2.7	3.26
26231	213.0	21.5	0.62	13.9
26239	149.0	6.6	9.24	9.3
26242	130.0	14.6	4.33	5.93
26243	142.0	10.8	5.05	8.6
26245	227.0	23.4	0.0	14.8
26275	224.0	30.8	1.5	10.5
22008	47.3	10.3	1.12	0.17
22009	340.0	16.0	1.31	30.1
22010	134.0	13.5	0.52	8.62
22011	138.0	12.5	0.71	9.47
22014	142.0	12.2	1.08	9.82
22501	204.0	14.3	0.74	16.0
22502	145.0	9.99	1.62	11.0
22505	147.0	13.8	1.01	9.72
22000	140.0	12.7	0.27	9.83
22001	48.1	10.8	0.85	0.19
22002	307.0	15.5	1.09	26.7
22050	154.0	13.1	0.41	11.1
22060	181.0	13.0	1.31	13.8
22070	180.0	13.8	1.4	13.3
22080	166.0	13.7	1.13	11.9
22003	660.0	34.1	2.77	57.0
22004	356.0	81.2	7.73	0.0
22013	582.0	47.9	3.11	42.0
22506	255.0	17.7	2.56	19.3
22507	267.0	12.5	1.46	23.5
22508	125.0	8.09	2.28	9.2
22509	147.0	9.5	1.98	11.2
22510	165.0	5.56	11.7	9.9
22511	184.0	9.82	5.07	13.5
20591	150.0	20.4	7.03	2.9
20904	148.0	14.7	2.87	8.5
20912	164.0	16.4	2.91	9.5
25223	157.0	21.3	6.76	3.7
25224	185.0	19.3	8.19	7.0
25598	134.0	20.6	6.74	2.5
19023	65.1	3.25	4.85	3.63
19024	56.5	3.23	3.47	3.3
19037	46.6	3.31	4.8	1.52
19038	44.1	3.31	4.79	1.25
19039	47.3	3.32	4.82	1.59
19041	47.0	3.31	4.83	1.55
19042	46.4	3.13	4.9	1.54
19050	33.4	3.44	4.64	0.06
19051	34.5	3.21	4.99	0.19
19060	44.4	3.38	4.69	1.29
19200	56.1	3.33	4.35	2.83
19201	45.8	3.69	4.13	1.57
19202	57.4	3.15	4.01	3.2
19225	50.0	2.36	6.18	1.73
19250	103.0	5.56	4.5	6.97
19021	499.0	26.9	37.5	26.8
19026	122.0	6.31	9.91	5.9
19027	323.0	7.54	55.6	7.87
19044	459.0	30.8	43.4	17.5
19054	361.0	34.6	54.0	0.7
19508	73.7	2.92	11.6	1.4
19535	82.8	3.03	13.1	1.69
19539	94.4	3.75	11.5	3.1
19542	97.2	3.5	13.0	3.01
19546	64.5	3.77	3.47	3.6
19550	69.1	3.76	4.99	3.4
19553	93.7	4.94	9.33	3.7
19556	73.4	4.06	1.12	5.2
19559	54.5	4.44	8.29	0.06
19575	89.1	3.35	12.2	2.6
19580	122.0	3.44	14.1	5.1
19581	38.9	4.13	3.72	0.3
19587	95.7	3.54	14.2	2.4
19589	109.0	2.38	14.5	4.28
19593	45.5	3.88	2.65	1.5
19594	39.4	4.73	4.1	0.064
19598	115.0	3.0	3.08	9.8
19599	84.3	3.41	12.5	1.95
19600	56.8	3.8	4.73	2.3
19624	69.4	3.57	7.47	2.5
19628	93.1	3.14	12.8	2.89
19669	98.3	7.31	11.5	2.29
19671	42.4	4.2	4.92	0.13
19672	93.2	3.17	12.9	2.81
19675	42.4	4.2	4.92	0.13
19676	93.3	3.18	13.0	2.83
19677	93.2	3.18	13.0	2.83
19682	89.3	3.25	12.4	2.63
19801	33.6	3.44	2.18	0.6
19805	55.7	3.31	1.99	3.2
19501	87.7	6.95	5.68	4.31
19641	84.2	4.38	3.57	5.5
19644	49.4	7.78	3.89	0.044
19646	76.9	7.86	3.46	3.26
19649	116.0	6.07	5.25	7.65
19661	92.7	6.56	9.34	2.8
19664	88.8	9.75	2.84	4.0
19666	149.0	9.5	3.17	10.4
19667	90.4	5.63	10.2	2.5
19673	79.2	3.56	12.4	1.3
19674	111.0	4.0	18.5	2.2
19679	91.9	2.5	16.7	1.3
19685	198.0	2.69	14.9	13.0
23534	146.0	3.81	24.8	3.4
23536	143.0	3.19	25.4	3.1
39001	126.0	3.32	17.4	4.66
39200	130.0	3.32	19.9	3.93
39206	150.0	5.31	21.3	4.4
39209	132.0	4.35	20.6	3.6
39211	176.0	4.23	19.4	8.88
39212	126.0	3.27	21.4	3.01
39213	272.0	4.37	16.6	20.8
39214	132.0	3.63	21.1	3.62
39215	129.0	4.87	19.8	3.31
39218	121.0	3.39	19.4	3.23
39228	53.1	6.13	5.51	0.3
39229	105.0	3.0	14.4	3.6
39230	133.0	3.35	17.9	5.1
39235	186.0	3.55	20.0	10.1
39246	116.0	2.87	17.8	3.69
39247	117.0	2.86	18.6	3.47
39505	135.0	3.42	21.4	3.52
39506	138.0	3.18	21.8	3.42
39511	133.0	3.35	18.0	5.07
19689	330.0	4.57	31.7	20.3
19698	241.0	4.25	30.4	9.8
19852	207.0	2.13	34.4	6.5
23474	273.0	5.51	34.3	12.2
23535	150.0	2.85	27.4	3.03
39210	303.0	6.39	25.6	18.6
39216	192.0	5.11	27.2	6.51
39220	147.0	1.5	16.0	8.1
39232	115.0	4.2	20.0	1.9
39234	364.0	6.86	41.9	18.1
39236	218.0	6.0	29.0	8.45
39400	87.8	4.46	8.05	4.19
39710	120.0	3.79	18.0	3.6
19692	86.7	3.0	12.9	2.3
19693	44.7	4.13	2.05	1.9
19694	42.0	3.94	1.1	2.1
19695	78.0	3.63	11.0	1.7
19696	56.0	4.0	2.85	2.8
20911	95.0	3.56	15.3	1.9
20921	93.1	3.0	16.0	1.7
20922	148.0	2.0	15.8	8.0
20923	76.6	0.5	16.0	1.0
39248	262.0	6.69	24.3	14.0
12999	338.0	21.3	0.56	27.4
12034	320.0	20.2	0.0	26.5
12100	390.0	27.4	0.0	30.8
12828	190.0	9.91	4.3	14.8
12300	246.0	13.8	5.34	18.5
12310	242.0	10.4	6.38	19.3
12320	311.0	8.88	1.78	29.6
12325	151.0	13.6	0.5	10.5
12060	270.0	16.0	1.42	21.7
12063	283.0	17.3	0.16	23.4
12066	285.0	14.8	0.65	24.3
12315	255.0	5.25	4.24	23.9
19530	366.0	7.5	4.24	35.3
19590	227.0	16.1	0.75	17.7
19591	260.0	14.3	0.24	22.3
1027	175.0	12.8	1.05	13.1
1028	441.0	14.5	15.2	35.3
1029	272.0	0.5	21.2	20.1
19402	269.0	2.82	2.87	26.0
19410	304.0	2.94	2.8	30.7
19415	297.0	2.44	1.94	30.7
19420	308.0	2.06	10.6	28.2
19430	194.0	2.56	2.89	18.7
19431	166.0	2.75	3.0	15.3
19433	76.2	3.19	5.28	4.3
2000	52.3	0.41	11.9	0.096
2004	47.0	0.52	9.58	0.14
2012	45.6	0.63	9.59	0.13
2014	48.5	0.24	11.3	0.098
2015	40.9	0.52	8.41	0.1
2016	69.2	0.25	16.3	0.057
2019	68.8	0.31	16.0	0.11
2026	23.2	0.88	4.13	0.17
2027	42.5	0.49	8.89	0.083
2032	20.1	0.88	3.31	0.11
2035	48.9	0.5	11.2	0.3
2053	21.7	0.88	3.72	0.14
2070	45.4	0.61	9.61	0.11
2072	46.9	0.51	9.32	0.14
2073	52.9	0.41	12.1	0.074
2074	48.9	0.17	11.4	0.14
2075	21.7	0.72	4.66	0.13
2077	47.1	0.54	10.5	0.13
2061	49.7	0.3	11.5	0.089
18011	15.2	0.5	3.33	0.3
18018	41.8	0.093	10.2	0.062
18019	46.6	0.067	11.3	0.028
18025	9.46	0.5	1.45	0.3
18026	37.1	0.14	8.67	0.078
18048	46.6	0.068	11.2	0.03
18060	1.3	0.081	0.11	0.053
18062	27.3	0.028	6.11	0.0092
18063	30.7	0.089	7.45	0.059
18068	0.87	0.0	0.2	0.0
18075	27.3	0.033	6.76	0.022
18343	47.5	0.56	9.63	0.3
19122	63.8	2.7	10.8	0.99
19127	52.6	2.13	10.0	0.45
18041	188.0	1.77	3.4	18.4
18107	36.3	1.06	0.68	3.2
18110	44.4	0.69	3.96	2.8
18900	37.1	3.63	0.7	2.07
18901	44.2	3.75	2.18	2.05
18902	60.5	3.25	7.24	1.92
18903	42.8	3.3	2.89	1.8
18904	53.7	0.5	10.8	1.0
18905	42.6	0.5	7.8	1.1
18906	68.9	0.5	13.5	1.4
18907	31.4	0.5	2.75	2.1
29209	56.2	2.3	9.5	1.0
18004	6.88	0.5	1.35	0.018
18020	0.063	0.0	0.0	0.007
18022	0.87	0.0	0.2	0.008
18070	4.42	0.1	0.6	0.18
18071	7.64	0.5	1.16	0.2
18072	2.1	0.12	0.4	0.002
18073	1.64	0.1	0.3	0.004
18104	69.3	3.78	9.5	1.42
18106	71.9	4.08	9.91	1.71
18151	21.5	1.36	2.31	0.76
18153	53.7	3.66	5.9	1.62
18154	1.26	0.0	0.3	0.007
18155	5.1	0.0	1.09	0.0
18162	28.7	0.56	6.06	0.3
18003	397.0	14.4	40.2	15.4
18005	296.0	19.4	42.6	1.1
18017	255.0	0.5	62.6	0.5
18059	21.7	0.5	2.76	0.5
18069	357.0	12.7	76.0	0.2
18076	232.0	19.4	6.3	2.0
18100	387.0	22.4	11.6	20.6
18101	379.0	6.65	75.6	3.29
18150	332.0	9.3	66.9	0.35
18152	323.0	3.3	57.2	2.5
18160	416.0	11.9	70.1	8.8
18163	402.0	11.0	67.1	9.13
18167	376.0	4.68	79.3	3.04
18168	386.0	4.29	85.0	2.04
18220	19.7	0.5	1.31	0.0
5214	82.1	0.07	2.63	0.0
5007	37.5	0.5	5.09	0.6
5009	34.6	0.5	0.43	0.6
5021	48.0	0.5	4.4	0.6
5022	35.4	0.5	5.34	0.6
5030	25.3	0.31	4.89	0.05
1000	274.0	0.0	2.86	0.0
1001	229.0	0.0	0.37	0.0
1002	265.0	0.0	0.0	0.0
1003	328.0	0.1	39.6	0.3
1004	256.0	0.0	0.0	0.0
1005	252.0	0.0	0.096	0.0
1008	242.0	0.0	0.0	0.0
1010	27.6	0.0	6.89	0.0
1014	660.0	0.0	0.0	0.0
1015	211.0	0.1	27.9	0.0
1016	153.0	0.0	12.4	0.0
1021	245.0	0.0	41.0	0.0
1023	228.0	0.0	1.0	0.0
1026	133.0	0.0	5.0	0.0
5004	36.2	0.0	5.63	0.0
5005	25.4	0.48	4.93	0.05
11506	216.0	6.35	69.3	0.0
31000	523.0	6.14	60.5	28.1
31001	496.0	3.7	66.4	24.1
31002	475.0	3.88	60.2	23.8
31004	537.0	7.5	55.6	30.8
31012	551.0	8.75	50.9	34.2
31020	487.0	5.75	54.2	34.6
31030	525.0	8.48	34.1	42.3
31041	505.0	5.49	65.0	24.3
31042	499.0	9.5	55.9	25.0
31070	567.0	8.69	40.7	39.0
31071	494.0	7.23	57.6	26.0
31074	591.0	10.4	26.9	46.3
31098	532.0	5.8	60.5	29.0
31120	557.0	7.81	45.3	36.1
31007	372.0	0.5	90.6	0.32
31014	336.0	1.69	76.6	1.8
31023	324.0	0.94	79.5	0.5
31027	298.0	0.5	72.3	0.3
31054	228.0	0.69	78.1	0.45
31092	440.0	7.88	60.3	18.0
31121	279.0	0.53	82.5	0.41
30999	228.0	0.37	56.5	0.29
31006	249.0	0.29	60.2	0.31
31024	251.0	0.5	60.5	0.5
31037	247.0	0.5	59.7	0.3
31039	246.0	0.5	59.3	0.4
31068	246.0	0.5	58.9	0.4
31095	246.0	0.5	59.6	0.3
31110	162.0	0.75	38.0	0.3
7225	356.0	10.7	55.5	9.38
7600	380.0	8.02	49.1	16.2
7602	375.0	7.29	40.4	20.0
7615	412.0	6.94	47.6	21.1
7620	420.0	7.25	45.7	22.6
7650	446.0	8.36	35.9	29.1
7710	382.0	9.38	50.6	15.4
7711	359.0	8.94	52.2	12.3
7712	369.0	8.51	52.0	13.5
7720	333.0	5.6	55.9	9.0
7730	423.0	8.19	45.4	22.5
7733	425.0	7.56	46.8	22.3
7735	348.0	8.56	51.6	11.2
7737	351.0	7.47	53.2	11.6
7738	346.0	6.9	50.5	12.1
7739	300.0	6.22	49.2	8.41
7740	354.0	8.13	52.7	11.8
7741	401.0	11.3	46.0	19.1
7742	374.0	9.81	49.2	14.7
7744	355.0	7.2	53.3	12.3
7745	366.0	8.0	51.6	14.0
23467	381.0	7.76	42.6	18.6
23480	338.0	4.17	36.6	18.7
24041	445.0	7.44	67.7	15.7
24055	511.0	5.5	59.8	27.2
24056	514.0	9.31	50.7	28.7
24313	538.0	5.75	60.1	30.1
24615	471.0	7.8	68.0	18.1
24616	384.0	5.43	74.9	8.28
24678	341.0	4.44	74.4	2.1
32000	391.0	8.0	82.2	2.2
32001	408.0	8.13	70.4	8.9
32002	360.0	11.5	59.3	4.42
32003	398.0	7.81	75.3	6.08
32004	418.0	7.49	66.6	12.2
32005	377.0	7.4	83.2	0.87
32006	391.0	7.0	87.0	1.5
32008	386.0	11.5	64.0	6.75
32009	388.0	9.04	77.7	3.24
32011	388.0	8.48	80.1	2.64
32012	388.0	6.31	84.2	2.2
32013	386.0	7.73	79.6	2.93
32014	380.0	8.14	82.8	1.05
32016	433.0	7.81	69.2	13.0
32017	442.0	7.33	67.2	14.8
32018	419.0	8.42	64.7	13.3
32021	382.0	11.4	78.6	1.65
32022	394.0	7.5	73.9	5.9
32023	378.0	10.5	77.9	1.74
32025	394.0	9.77	75.5	4.93
32028	411.0	10.3	74.6	7.01
32029	378.0	10.5	78.7	1.4
32030	379.0	11.3	79.0	1.25
32031	401.0	7.51	75.0	6.77
32032	388.0	8.26	79.2	3.24
32107	379.0	4.4	88.0	0.6
32108	436.0	8.88	59.7	16.7
32109	442.0	8.57	63.2	16.7
32110	361.0	9.19	65.4	5.0
32111	460.0	5.67	68.4	17.3
32112	451.0	9.13	62.7	16.7
32113	400.0	10.7	61.6	11.0
32115	385.0	8.82	75.2	4.01
32116	338.0	14.0	49.0	3.5
32121	374.0	5.77	84.7	0.63
32123	386.0	10.3	67.9	6.3
32128	382.0	10.6	68.5	4.83
32129	393.0	5.71	86.2	2.35
32130	378.0	7.32	80.5	1.96
32131	390.0	6.22	83.2	2.82
32133	384.0	5.5	85.3	1.8
32134	385.0	7.95	76.8	3.85
32135	392.0	7.39	79.4	4.27
32138	369.0	9.5	61.7	6.9
32139	424.0	6.96	67.3	12.8
32140	370.0	11.7	58.0	7.7
32141	401.0	9.2	60.7	11.6
31100	382.0	7.06	79.5	3.2
31101	379.0	6.13	72.8	6.53
31102	418.0	5.99	72.9	10.9
31104	386.0	5.9	65.3	11.2
31106	451.0	6.55	73.0	14.9
31113	377.0	5.49	73.5	7.07
31114	444.0	8.69	60.6	18.2
19688	169.0	2.83	23.6	3.86
23032	458.0	5.94	50.6	25.4
23481	313.0	4.44	38.7	15.0
23849	455.0	4.56	67.0	18.3
23880	404.0	7.25	39.4	23.7
23881	378.0	6.36	45.6	18.7
23884	362.0	5.65	47.6	16.0
23885	420.0	7.31	45.9	22.5
23909	360.0	4.19	55.2	12.6
31035	359.0	5.12	35.8	21.4
39503	328.0	3.35	33.4	19.8
23472	286.0	5.38	31.4	14.9
39401	119.0	2.02	18.8	3.62
39502	275.0	3.12	40.5	10.7
39512	230.0	2.52	32.6	9.7
39516	262.0	2.65	26.2	16.1
39518	212.0	3.6	34.8	6.5
39519	196.0	2.68	23.5	9.57
39529	263.0	4.83	25.3	15.2
39530	133.0	0.14	29.1	1.77
39532	220.0	2.98	28.6	10.0
39533	226.0	2.42	30.0	10.4
39534	163.0	0.89	32.2	3.36
16400	753.0	0.69	0.9	82.9
16402	738.0	0.72	0.55	81.4
16403	732.0	0.5	0.68	80.8
16404	755.0	0.7	0.5	83.4
16410	550.0	0.56	0.7	60.6
16411	555.0	0.9	0.5	61.0
16412	368.0	0.33	3.73	38.9
16413	727.0	0.73	0.55	80.2
16414	741.0	0.68	0.99	81.5
16415	391.0	0.5	3.6	41.7
16712	247.0	0.4	3.8	25.6
16713	201.0	0.5	6.2	19.1
16030	900.0	0.0	0.0	100.0
16040	900.0	0.0	0.0	100.0
16060	900.0	0.0	0.0	100.0
16080	899.0	0.5	0.0	99.8
16110	900.0	0.0	0.0	100.0
16128	900.0	0.0	0.0	100.0
16129	900.0	0.0	0.0	100.0
16150	900.0	0.0	0.0	100.0
16200	900.0	0.0	0.0	100.0
17001	900.0	0.21	0.0	99.9
17020	900.0	0.0	0.0	100.0
17030	900.0	0.0	0.0	100.0
17040	900.0	0.5	0.0	99.9
17100	900.0	0.0	0.0	100.0
17110	900.0	0.0	0.0	100.0
17126	900.0	0.0	0.0	100.0
17130	900.0	0.0	0.0	100.0
17170	900.0	0.0	0.0	100.0
17180	900.0	0.0	0.0	100.0
17190	900.0	0.0	0.0	100.0
17210	900.0	0.0	0.0	100.0
17220	900.0	0.0	0.0	100.0
17270	900.0	0.5	0.0	99.9
17325	900.0	0.0	0.0	100.0
17350	900.0	0.0	0.0	100.0
17390	900.0	0.0	0.0	100.0
17400	900.0	0.0	0.0	100.0
17420	900.0	0.0	0.0	100.0
17440	901.0	0.5	0.0	100.0
17700	896.0	0.0	0.0	99.5
17701	900.0	0.0	0.0	100.0
17900	889.0	0.0	0.0	98.7
16614	722.0	0.5	0.5	80.0
16615	726.0	0.39	0.3	80.4
16616	631.0	0.13	0.24	70.0
16654	548.0	0.5	0.55	60.6
16719	608.0	0.16	0.24	67.4
16725	532.0	0.28	0.24	58.9
16733	366.0	1.44	3.0	38.6
16734	358.0	0.9	3.05	38.0
16736	349.0	0.0	0.0	38.8
16737	521.0	0.15	0.18	57.8
16738	523.0	0.2	0.2	58.0
16739	548.0	0.5	0.0	60.8
16740	491.0	0.083	0.12	54.5
16741	536.0	0.5	0.18	59.3
16742	325.0	0.1	2.5	35.0
16743	490.0	0.4	0.6	54.0
16744	481.0	0.4	0.6	53.0
16745	397.0	1.69	5.6	40.9
16746	370.0	1.5	5.6	38.0
17630	900.0	0.0	0.0	100.0
17640	900.0	0.0	0.0	100.0
17645	900.0	0.0	0.0	100.0
17650	900.0	0.0	0.0	100.0
16520	896.0	0.0	0.0	99.5
16530	810.0	2.92	0.0	88.7
16540	898.0	0.0	0.0	99.8
16550	898.0	0.0	0.0	99.8
16560	898.0	0.0	0.0	99.8
16570	898.0	0.0	0.0	99.8
11008	99.0	1.27	21.4	0.19
11100	136.0	0.56	30.3	0.6
11104	45.5	7.08	3.64	0.1
11194	81.2	9.3	10.9	0.0
11215	218.0	2.19	6.8	19.2
11217	135.0	1.38	31.2	0.5
11219	68.0	3.56	5.05	3.0
11132	77.4	1.02	10.6	3.16
11170	63.1	1.17	7.41	2.71
11179	370.0	3.94	6.6	35.4
25600	113.0	0.94	3.14	10.2
11300	277.0	3.8	26.2	16.8
39700	105.0	3.44	16.7	2.5
11004	19.4	1.06	0.78	0.6
11013	152.0	6.92	4.33	11.2
11018	22.6	0.04	0.62	0.1
11021	142.0	6.6	2.2	9.9
11091	125.0	0.69	25.8	0.6
11097	36.0	1.25	5.0	0.35
13131	332.0	2.19	0.1	33.3
13184	162.0	1.39	0.043	16.5
11001	240.0	10.2	19.7	13.3
11169	343.0	8.5	59.5	7.4
11171	341.0	7.4	66.3	4.9
11172	260.0	5.0	7.0	23.0
11174	233.0	11.3	20.8	11.5
11175	248.0	44.5	17.0	0.2
11176	11.3	2.0	0.8	0.01
11304	40.9	3.15	2.4	2.05
25525	38.5	2.12	3.2	0.73
25918	213.0	10.3	17.7	11.1
25970	212.0	11.6	28.9	5.4
25971	197.0	10.8	30.9	3.1
11044	49.0	1.81	4.14	2.53
11005	301.0	14.5	2.63	14.0
11006	335.0	8.98	58.3	4.24
11015	330.0	13.3	39.5	7.5
11019	310.0	11.4	48.3	2.11
11025	243.0	3.87	27.5	1.22
11026	346.0	12.4	13.0	17.8
11039	352.0	11.4	61.5	5.85
11042	427.0	17.8	33.7	22.3
11048	507.0	6.26	28.5	36.3
11049	319.0	14.1	19.1	12.9
11052	335.0	5.97	31.6	13.0
11053	353.0	7.61	48.6	8.36
11056	348.0	6.09	50.5	8.69
11061	551.0	19.7	13.7	43.1
11064	334.0	19.8	11.9	14.6
11065	240.0	0.05	2.41	0.0
11066	326.0	15.7	12.5	14.9
11074	32.9	1.1	3.4	1.1
11075	321.0	10.8	40.5	6.7
11077	350.0	27.1	33.8	6.41
11081	346.0	12.4	37.7	10.4
11088	376.0	12.0	29.4	17.3
11089	291.0	9.68	44.4	3.25
11098	57.7	0.03	14.4	0.0
11000	111.0	5.31	18.6	0.5
11002	39.9	3.72	3.63	0.6
11003	29.7	2.57	2.1	0.52
11014	43.0	3.71	3.48	0.63
11027	57.6	3.52	5.3	0.84
11033	34.8	3.35	2.55	0.47
11068	121.0	3.31	6.6	5.86
11069	36.7	4.0	0.97	0.5
11070	107.0	5.56	10.5	1.68
11080	49.4	3.58	4.15	0.8
11093	48.2	3.93	3.9	1.1
11094	22.3	2.13	0.87	0.52
11306	127.0	5.56	23.8	0.5
11307	130.0	6.0	22.0	0.4
11023	344.0	16.7	62.8	0.77
11024	291.0	29.0	16.8	5.34
11029	283.0	19.9	22.2	6.03
11032	244.0	23.0	10.1	4.07
11034	276.0	12.7	20.3	7.04
11035	265.0	9.0	26.4	4.28
11036	328.0	4.88	21.5	15.2
11037	320.0	10.6	20.4	12.8
11038	285.0	9.11	26.9	7.43
11060	283.0	11.5	23.0	7.2
11062	264.0	6.73	23.0	5.91
51500	239.0	23.0	12.7	1.8
20984	184.0	14.1	5.7	2.51
20985	206.0	15.9	13.8	2.03
20986	204.0	10.3	23.6	1.07
20987	255.0	31.5	10.5	1.63
20988	227.0	17.2	22.6	1.33
20990	224.0	8.38	24.2	2.65
20991	217.0	9.51	25.6	1.13
20992	239.0	10.1	28.3	2.63
20993	243.0	16.5	18.8	3.54
20994	194.0	7.41	15.7	1.33
20995	224.0	13.7	18.8	2.47
20996	234.0	16.6	21.5	2.3
20998	211.0	7.22	18.5	2.78
20999	187.0	12.3	6.28	1.53
42000	96.8	6.3	11.1	2.75
42003	90.6	6.65	10.4	2.45
42004	82.0	5.97	10.1	1.73
42005	87.0	6.07	10.2	2.28
9640	359.0	15.8	51.0	6.48
9641	226.0	8.36	6.65	0.92
9643	398.0	13.9	28.1	20.9
9647	344.0	15.7	46.0	6.09
9660	375.0	29.2	35.1	9.5
11007	348.0	86.9	0.0	0.1
11009	334.0	40.4	21.8	4.5
11507	0.4	0.1	0.0	0.0
20906	54.3	5.0	1.53	2.9
20924	60.7	0.5	14.6	0.3
31047	278.0	0.0	62.0	0.0
31109	358.0	21.9	52.5	4.2
31111	285.0	17.5	37.7	5.17
37000	261.0	7.7	51.1	2.6
37002	232.0	6.9	44.6	2.7
42200	779.0	0.0	8.0	83.0
3000	496.0	10.7	55.0	25.3
3002	484.0	11.4	56.3	23.2
13161	82.1	2.1	11.6	2.83
13162	67.6	1.71	7.7	3.0
13163	83.7	1.94	12.1	2.7
13169	84.2	2.31	11.6	2.8
13170	86.3	2.18	12.6	2.78
13171	75.5	1.81	10.4	2.6
13173	85.5	1.86	12.7	2.89
13182	86.3	2.18	12.6	2.78
19012	60.9	1.25	7.77	2.71
19013	71.8	1.19	8.04	3.79
19014	65.1	1.19	8.23	2.9
20246	26.3	0.9	3.8	0.5
20247	41.7	1.3	6.45	0.8
20248	42.9	1.2	6.9	0.7
20249	70.2	2.38	9.12	2.3
20250	77.5	2.1	8.1	3.5
20251	71.6	2.88	8.53	2.3
20252	38.5	1.0	5.88	0.91
20253	59.5	1.5	7.19	2.5
20254	70.3	2.56	8.59	2.4
42603	59.0	3.6	5.9	1.6
42604	54.9	2.8	6.77	1.31
42605	75.7	2.5	8.95	2.9
42606	68.3	2.82	9.02	1.98
13164	90.0	3.25	11.3	3.1
13165	93.8	3.38	11.7	3.3
13166	100.0	3.13	12.5	3.5
13167	393.0	5.1	88.3	1.7
13168	391.0	10.0	81.1	2.0
24689	439.0	7.5	73.3	12.3
42501	396.0	8.5	85.0	1.9
